ds,yhat
2020-11-05,1.82
2020-11-06,1.83
2020-11-09,1.84
2020-11-10,1.85
2020-11-11,1.86
2020-11-12,1.86
2020-11-13,1.87
2020-11-16,1.88
2020-11-17,1.88
2020-11-18,1.89
2020-11-19,1.89
2020-11-20,1.89
2020-11-23,1.89
2020-11-24,1.89
2020-11-25,1.9
2020-11-26,1.89
2020-11-27,1.89
2020-11-30,1.88
2020-12-01,1.88
2020-12-02,1.89
2020-12-03,1.88
2020-12-04,1.88
2020-12-07,1.88
2020-12-08,1.88
2020-12-09,1.88
2020-12-10,1.88
2020-12-11,1.88
2020-12-14,1.9
2020-12-15,1.9
2020-12-16,1.91
2020-12-17,1.92
2020-12-18,1.92
2020-12-21,1.94
2020-12-22,1.95
2020-12-23,1.96
2020-12-24,1.96
2020-12-29,1.98
2020-12-30,1.99
2020-12-31,1.98
2021-01-04,1.97
2021-01-05,1.97
2021-01-06,1.97
2021-01-07,1.96
2021-01-08,1.95
2021-01-11,1.92
2021-01-12,1.92
2021-01-13,1.92
2021-01-14,1.91
2021-01-15,1.9
2021-01-18,1.89
2021-01-19,1.89
2021-01-20,1.9
2021-01-21,1.9
2021-01-22,1.9
2021-01-25,1.92
2021-01-26,1.92
2021-01-27,1.94
2021-01-28,1.95
2021-01-29,1.95
2021-02-01,1.98
2021-02-02,1.99
2021-02-03,2.01
2021-02-04,2.02
2021-02-05,2.02
2021-02-08,2.05
2021-02-09,2.06
2021-02-10,2.07
2021-02-11,2.07
2021-02-12,2.08
2021-02-16,2.1
2021-02-17,2.11
2021-02-18,2.11
2021-02-19,2.11
2021-02-22,2.12
2021-02-23,2.13
2021-02-24,2.14
2021-02-25,2.15
2021-02-26,2.15
2021-03-01,2.17
2021-03-02,2.18
2021-03-03,2.2
2021-03-04,2.2
2021-03-05,2.2
2021-03-08,2.2
2021-03-09,2.21
2021-03-10,2.21
2021-03-11,2.21
2021-03-12,2.21
2021-03-15,2.22
2021-03-16,2.22
2021-03-17,2.22
2021-03-18,2.22
2021-03-19,2.22
2021-03-22,2.22
2021-03-23,2.22
2021-03-24,2.23
2021-03-25,2.22
2021-03-26,2.22
2021-03-29,2.23
2021-03-30,2.24
2021-03-31,2.25
2021-04-01,2.25
2021-04-05,2.28
2021-04-06,2.29
2021-04-07,2.31
2021-04-08,2.31
2021-04-09,2.32
2021-04-12,2.35
2021-04-13,2.35
2021-04-14,2.37
2021-04-15,2.37
2021-04-16,2.37
2021-04-19,2.37
2021-04-20,2.37
2021-04-21,2.37
2021-04-22,2.37
2021-04-23,2.36
2021-04-26,2.33
2021-04-27,2.32
2021-04-28,2.31
2021-04-29,2.3
2021-04-30,2.28
2021-05-03,2.25
2021-05-04,2.24
2021-05-05,2.24
2021-05-06,2.23
2021-05-07,2.23
2021-05-10,2.22
2021-05-11,2.23
2021-05-12,2.24
2021-05-13,2.24
2021-05-14,2.25
2021-05-17,2.28
2021-05-18,2.29
2021-05-19,2.31
2021-05-20,2.33
2021-05-21,2.34
2021-05-25,2.4
2021-05-26,2.42
2021-05-27,2.43
2021-05-28,2.44
2021-05-31,2.47
2021-06-01,2.47
2021-06-02,2.48
2021-06-03,2.48
2021-06-04,2.47
2021-06-07,2.46
2021-06-08,2.45
2021-06-09,2.44
2021-06-10,2.43
2021-06-11,2.41
2021-06-14,2.37
2021-06-15,2.35
2021-06-16,2.34
2021-06-17,2.32
2021-06-18,2.3
2021-06-21,2.26
2021-06-22,2.25
2021-06-23,2.24
2021-06-24,2.23
2021-06-25,2.21
2021-06-28,2.14
2021-06-29,2.12
2021-06-30,2.11
2021-07-02,2.07
2021-07-05,2.02
2021-07-06,2.0
2021-07-07,2.0
2021-07-08,1.98
2021-07-09,1.97
2021-07-12,1.93
2021-07-13,1.92
2021-07-14,1.91
2021-07-15,1.9
2021-07-16,1.89
2021-07-19,1.86
2021-07-20,1.85
2021-07-21,1.85
2021-07-22,1.84
2021-07-23,1.83
2021-07-26,1.81
2021-07-27,1.8
2021-07-28,1.8
2021-07-29,1.79
2021-07-30,1.79
2021-08-03,1.76
2021-08-04,1.77
2021-08-05,1.76
2021-08-06,1.75
2021-08-09,1.73
2021-08-10,1.73
2021-08-11,1.73
2021-08-12,1.72
2021-08-13,1.71
2021-08-16,1.69
2021-08-17,1.68
2021-08-18,1.69
2021-08-19,1.68
2021-08-20,1.67
2021-08-23,1.65
2021-08-24,1.65
2021-08-25,1.65
2021-08-26,1.65
2021-08-27,1.64
2021-08-30,1.64
2021-08-31,1.64
2021-09-01,1.65
2021-09-02,1.64
2021-09-03,1.64
2021-09-07,1.64
2021-09-08,1.65
2021-09-09,1.65
2021-09-10,1.64
2021-09-13,1.64
2021-09-14,1.64
2021-09-15,1.64
2021-09-16,1.64
2021-09-17,1.63
2021-09-20,1.62
2021-09-21,1.61
2021-09-22,1.62
2021-09-23,1.61
2021-09-24,1.61
2021-09-27,1.6
2021-09-28,1.59
2021-09-29,1.6
2021-09-30,1.59
2021-10-01,1.59
2021-10-04,1.58
2021-10-05,1.58
2021-10-06,1.59
2021-10-07,1.59
2021-10-08,1.59
2021-10-12,1.58
2021-10-13,1.59
2021-10-14,1.59
2021-10-15,1.58
2021-10-18,1.57
2021-10-19,1.57
2021-10-20,1.57
2021-10-21,1.56
2021-10-22,1.55
2021-10-25,1.6
2021-10-26,1.61
2021-10-27,1.64
2021-10-28,1.65
2021-10-29,1.66
2021-11-01,1.69
2021-11-02,1.7
2021-11-03,1.72
2021-11-04,1.73
2021-11-05,1.74
2021-11-08,1.77
2021-11-09,1.78
2021-11-10,1.8
2021-11-11,1.81
2021-11-12,1.82
2021-11-15,1.84
2021-11-16,1.85
2021-11-17,1.87
2021-11-18,1.87
2021-11-19,1.88
2021-11-22,1.9
2021-11-23,1.9
2021-11-24,1.92
2021-11-25,1.92
2021-11-26,1.92
2021-11-29,1.93
2021-11-30,1.93
2021-12-01,1.94
2021-12-02,1.94
2021-12-03,1.94
2021-12-06,1.96
2021-12-07,1.96
2021-12-08,1.97
2021-12-09,1.98
2021-12-10,1.98
2021-12-13,2.0
2021-12-14,2.01
2021-12-15,2.03
2021-12-16,2.04
2021-12-17,2.05
2021-12-20,2.05
2021-12-21,2.05
2021-12-22,2.05
2021-12-23,2.05
2021-12-24,2.05
2021-12-29,2.03
2021-12-30,2.03
2021-12-31,2.02
2022-01-04,1.98
2022-01-05,1.98
2022-01-06,1.96
2022-01-07,1.95
2022-01-10,1.91
2022-01-11,1.9
2022-01-12,1.89
2022-01-13,1.88
2022-01-14,1.87
2022-01-17,1.84
2022-01-18,1.83
2022-01-19,1.83
2022-01-20,1.83
2022-01-21,1.82
2022-01-24,1.82
2022-01-25,1.82
2022-01-26,1.83
2022-01-27,1.83
2022-01-28,1.83
2022-01-31,1.85
2022-02-01,1.85
2022-02-02,1.86
2022-02-03,1.87
2022-02-04,1.87
2022-02-07,1.88
2022-02-08,1.89
2022-02-09,1.9
2022-02-10,1.9
2022-02-11,1.9
2022-02-14,1.9
2022-02-15,1.9
2022-02-16,1.9
2022-02-17,1.89
2022-02-18,1.88
2022-02-22,1.85
2022-02-23,1.85
2022-02-24,1.84
2022-02-25,1.83
2022-02-28,1.82
2022-03-01,1.81
2022-03-02,1.82
2022-03-03,1.81
2022-03-04,1.8
2022-03-07,1.79
2022-03-08,1.79
2022-03-09,1.79
2022-03-10,1.79
2022-03-11,1.78
2022-03-14,1.77
2022-03-15,1.77
2022-03-16,1.77
2022-03-17,1.76
2022-03-18,1.75
2022-03-21,1.74
2022-03-22,1.73
2022-03-23,1.73
2022-03-24,1.73
2022-03-25,1.72
2022-03-28,1.71
2022-03-29,1.71
2022-03-30,1.71
2022-03-31,1.71
2022-04-01,1.71
2022-04-04,1.71
2022-04-05,1.72
2022-04-06,1.73
2022-04-07,1.73
2022-04-08,1.73
2022-04-11,1.74
2022-04-12,1.74
2022-04-13,1.75
2022-04-14,1.75
2022-04-18,1.74
2022-04-19,1.73
2022-04-20,1.73
2022-04-21,1.72
2022-04-22,1.71
2022-04-25,1.67
2022-04-26,1.66
2022-04-27,1.65
2022-04-28,1.63
2022-04-29,1.61
2022-05-02,1.55
2022-05-03,1.54
2022-05-04,1.53
2022-05-05,1.51
2022-05-06,1.5
2022-05-09,1.46
2022-05-10,1.46
2022-05-11,1.46
2022-05-12,1.45
2022-05-13,1.45
2022-05-16,1.46
2022-05-17,1.46
2022-05-18,1.48
2022-05-19,1.48
2022-05-20,1.49
2022-05-24,1.52
2022-05-25,1.54
2022-05-26,1.54
2022-05-27,1.55
2022-05-30,1.56
2022-05-31,1.56
2022-06-01,1.56
2022-06-02,1.56
2022-06-03,1.55
2022-06-06,1.52
2022-06-07,1.5
2022-06-08,1.49
2022-06-09,1.47
2022-06-10,1.45
2022-06-13,1.39
2022-06-14,1.37
2022-06-15,1.36
2022-06-16,1.33
2022-06-17,1.31
2022-06-20,1.25
2022-06-21,1.23
2022-06-22,1.22
2022-06-23,1.2
2022-06-24,1.18
2022-06-27,1.14
2022-06-28,1.13
2022-06-29,1.12
2022-06-30,1.11
2022-07-04,1.08
2022-07-05,1.07
2022-07-06,1.07
2022-07-07,1.06
2022-07-08,1.06
2022-07-11,1.04
2022-07-12,1.04
2022-07-13,1.05
2022-07-14,1.04
2022-07-15,1.04
2022-07-18,1.04
2022-07-19,1.04
2022-07-20,1.05
2022-07-21,1.04
2022-07-22,1.04
2022-07-25,1.05
2022-07-26,1.05
2022-07-27,1.06
2022-07-28,1.06
2022-07-29,1.07
2022-08-02,1.08
2022-08-03,1.09
2022-08-04,1.1
2022-08-05,1.1
2022-08-08,1.11
2022-08-09,1.11
2022-08-10,1.12
2022-08-11,1.12
2022-08-12,1.11
2022-08-15,1.09
2022-08-16,1.09
2022-08-17,1.09
2022-08-18,1.08
2022-08-19,1.08
2022-08-22,1.06
2022-08-23,1.06
2022-08-24,1.06
2022-08-25,1.06
2022-08-26,1.05
2022-08-29,1.04
2022-08-30,1.04
2022-08-31,1.05
2022-09-01,1.04
2022-09-02,1.04
2022-09-06,1.03
2022-09-07,1.04
2022-09-08,1.03
2022-09-09,1.03
2022-09-12,1.02
2022-09-13,1.02
2022-09-14,1.02
2022-09-15,1.01
2022-09-16,1.01
2022-09-19,0.99
2022-09-20,0.98
2022-09-21,0.99
2022-09-22,0.98
2022-09-23,0.97
2022-09-26,0.95
2022-09-27,0.95
2022-09-28,0.95
2022-09-29,0.95
2022-09-30,0.94
2022-10-03,0.93
2022-10-04,0.93
2022-10-05,0.93
2022-10-06,0.93
2022-10-07,0.94
2022-10-11,1.01
2022-10-12,1.03
2022-10-13,1.04
2022-10-14,1.06
2022-10-17,1.1
2022-10-18,1.11
2022-10-19,1.13
2022-10-20,1.14
2022-10-21,1.15
2022-10-24,1.18
2022-10-25,1.19
2022-10-26,1.2
2022-10-27,1.21
2022-10-28,1.21
2022-10-31,1.23
2022-11-01,1.23
2022-11-02,1.25
2022-11-03,1.25
2022-11-04,1.25
2022-11-07,1.26
2022-11-08,1.27
2022-11-09,1.28
2022-11-10,1.28
2022-11-11,1.28
2022-11-14,1.29
2022-11-15,1.29
2022-11-16,1.3
2022-11-17,1.3
2022-11-18,1.3
2022-11-21,1.3
2022-11-22,1.3
2022-11-23,1.3
2022-11-24,1.3
2022-11-25,1.29
2022-11-28,1.28
2022-11-29,1.28
2022-11-30,1.28
2022-12-01,1.28
2022-12-02,1.27
2022-12-05,1.26
2022-12-06,1.26
2022-12-07,1.26
2022-12-08,1.26
2022-12-09,1.26
2022-12-12,1.26
2022-12-13,1.26
2022-12-14,1.27
2022-12-15,1.27
2022-12-16,1.27
2022-12-19,1.28
2022-12-20,1.29
2022-12-21,1.3
2022-12-22,1.3
2022-12-23,1.3
2022-12-28,1.33
2022-12-29,1.32
2022-12-30,1.32
2023-01-03,1.31
2023-01-04,1.31
2023-01-05,1.3
2023-01-06,1.3
2023-01-09,1.27
2023-01-10,1.27
2023-01-11,1.27
2023-01-12,1.26
2023-01-13,1.25
2023-01-16,1.24
2023-01-17,1.23
2023-01-18,1.24
2023-01-19,1.24
2023-01-20,1.23
2023-01-23,1.24
2023-01-24,1.25
2023-01-25,1.26
2023-01-26,1.27
2023-01-27,1.27
2023-01-30,1.3
2023-01-31,1.31
2023-02-01,1.33
2023-02-02,1.34
2023-02-03,1.34
2023-02-06,1.33
2023-02-07,1.33
2023-02-08,1.33
2023-02-09,1.33
2023-02-10,1.32
2023-02-13,1.31
2023-02-14,1.3
2023-02-15,1.3
2023-02-16,1.29
2023-02-17,1.28
2023-02-21,1.25
2023-02-22,1.25
2023-02-23,1.25
2023-02-24,1.24
2023-02-27,1.22
2023-02-28,1.22
2023-03-01,1.22
2023-03-02,1.22
2023-03-03,1.21
2023-03-06,1.21
2023-03-07,1.2
2023-03-08,1.21
2023-03-09,1.21
2023-03-10,1.2
2023-03-13,1.19
2023-03-14,1.19
2023-03-15,1.19
2023-03-16,1.19
2023-03-17,1.18
2023-03-20,1.17
2023-03-21,1.16
2023-03-22,1.17
2023-03-23,1.16
2023-03-24,1.15
2023-03-27,1.15
2023-03-28,1.14
2023-03-29,1.15
2023-03-30,1.15
2023-03-31,1.15
2023-04-03,1.15
2023-04-04,1.16
2023-04-05,1.17
2023-04-06,1.17
2023-04-10,1.19
2023-04-11,1.19
2023-04-12,1.2
2023-04-13,1.2
2023-04-14,1.2
2023-04-17,1.2
2023-04-18,1.2
2023-04-19,1.2
2023-04-20,1.2
2023-04-21,1.19
2023-04-24,1.16
2023-04-25,1.14
2023-04-26,1.14
2023-04-27,1.12
2023-04-28,1.1
2023-05-01,1.05
2023-05-02,1.03
2023-05-03,1.03
2023-05-04,1.01
2023-05-05,0.99
2023-05-08,0.96
2023-05-09,0.95
2023-05-10,0.95
2023-05-11,0.95
2023-05-12,0.94
2023-05-15,0.94
2023-05-16,0.95
2023-05-17,0.96
2023-05-18,0.97
2023-05-19,0.97
2023-05-23,1.01
2023-05-24,1.03
2023-05-25,1.04
2023-05-26,1.05
2023-05-29,1.06
2023-05-30,1.07
2023-05-31,1.08
2023-06-01,1.08
2023-06-02,1.08
2023-06-05,1.08
2023-06-06,1.07
2023-06-07,1.07
2023-06-08,1.06
2023-06-09,1.05
2023-06-12,1.01
2023-06-13,0.99
2023-06-14,0.99
2023-06-15,0.97
2023-06-16,0.95
2023-06-19,0.9
2023-06-20,0.88
2023-06-21,0.88
2023-06-22,0.86
2023-06-23,0.84
2023-06-26,0.81
2023-06-27,0.8
2023-06-28,0.8
2023-06-29,0.79
2023-06-30,0.78
2023-07-04,0.76
2023-07-05,0.76
2023-07-06,0.76
2023-07-07,0.75
2023-07-10,0.75
2023-07-11,0.75
2023-07-12,0.76
2023-07-13,0.76
2023-07-14,0.76
2023-07-17,0.77
2023-07-18,0.77
2023-07-19,0.78
2023-07-20,0.78
2023-07-21,0.79
2023-07-24,0.8
2023-07-25,0.81
2023-07-26,0.82
2023-07-27,0.82
2023-07-28,0.81
2023-07-31,0.8
2023-08-01,0.8
2023-08-02,0.8
2023-08-03,0.8
2023-08-04,0.79
2023-08-08,0.78
2023-08-09,0.79
2023-08-10,0.78
2023-08-11,0.78
2023-08-14,0.77
2023-08-15,0.76
2023-08-16,0.76
2023-08-17,0.76
2023-08-18,0.75
2023-08-21,0.74
2023-08-22,0.74
2023-08-23,0.74
2023-08-24,0.74
2023-08-25,0.73
2023-08-28,0.73
2023-08-29,0.73
2023-08-30,0.73
2023-08-31,0.73
2023-09-01,0.73
2023-09-05,0.73
2023-09-06,0.73
2023-09-07,0.73
2023-09-08,0.73
2023-09-11,0.72
2023-09-12,0.72
2023-09-13,0.73
2023-09-14,0.72
2023-09-15,0.72
2023-09-18,0.71
2023-09-19,0.7
2023-09-20,0.71
2023-09-21,0.7
2023-09-22,0.69
2023-09-25,0.7
2023-09-26,0.7
2023-09-27,0.71
2023-09-28,0.72
2023-09-29,0.72
2023-10-02,0.73
2023-10-03,0.73
2023-10-04,0.75
2023-10-05,0.75
2023-10-06,0.76
2023-10-10,0.78
2023-10-11,0.79
2023-10-12,0.8
2023-10-13,0.8
2023-10-16,0.82
2023-10-17,0.82
2023-10-18,0.83
2023-10-19,0.83
2023-10-20,0.83
2023-10-23,0.83
2023-10-24,0.83
2023-10-25,0.83
2023-10-26,0.83
2023-10-27,0.82
2023-10-30,0.81
2023-10-31,0.81
2023-11-01,0.81
2023-11-02,0.8
2023-11-03,0.79
2023-11-06,0.77
2023-11-07,0.77
2023-11-08,0.77
2023-11-09,0.76
2023-11-10,0.75
2023-11-13,0.73
2023-11-14,0.72
2023-11-15,0.72
2023-11-16,0.71
2023-11-17,0.7
2023-11-20,0.67
2023-11-21,0.67
2023-11-22,0.68
2023-11-23,0.67
2023-11-24,0.67
2023-11-27,0.66
2023-11-28,0.66
2023-11-29,0.66
2023-11-30,0.66
2023-12-01,0.65
2023-12-04,0.64
2023-12-05,0.64
2023-12-06,0.65
2023-12-07,0.64
2023-12-08,0.64
2023-12-11,0.64
2023-12-12,0.64
2023-12-13,0.65
2023-12-14,0.65
2023-12-15,0.65
2023-12-18,0.66
2023-12-19,0.67
2023-12-20,0.68
2023-12-21,0.69
2023-12-22,0.69
2023-12-27,0.72
2023-12-28,0.72
2023-12-29,0.72
2024-01-02,0.71
2024-01-03,0.72
2024-01-04,0.71
2024-01-05,0.7
2024-01-08,0.68
2024-01-09,0.68
2024-01-10,0.68
2024-01-11,0.67
2024-01-12,0.66
2024-01-15,0.65
2024-01-16,0.64
2024-01-17,0.65
2024-01-18,0.64
2024-01-19,0.63
2024-01-22,0.62
2024-01-23,0.62
2024-01-24,0.62
2024-01-25,0.62
2024-01-26,0.62
2024-01-29,0.63
2024-01-30,0.63
2024-01-31,0.64
2024-02-01,0.64
2024-02-02,0.65
2024-02-05,0.66
2024-02-06,0.66
2024-02-07,0.67
2024-02-08,0.67
2024-02-09,0.67
2024-02-12,0.67
2024-02-13,0.67
2024-02-14,0.68
2024-02-15,0.68
2024-02-16,0.67
2024-02-20,0.67
2024-02-21,0.67
2024-02-22,0.67
2024-02-23,0.67
2024-02-26,0.67
2024-02-27,0.67
2024-02-28,0.68
2024-02-29,0.68
2024-03-01,0.68
2024-03-04,0.69
2024-03-05,0.69
2024-03-06,0.7
2024-03-07,0.7
2024-03-08,0.7
2024-03-11,0.71
2024-03-12,0.71
2024-03-13,0.72
2024-03-14,0.72
2024-03-15,0.72
2024-03-18,0.73
2024-03-19,0.73
2024-03-20,0.74
2024-03-21,0.74
2024-03-22,0.74
2024-03-25,0.75
2024-03-26,0.76
2024-03-27,0.77
2024-03-28,0.78
2024-04-01,0.81
2024-04-02,0.82
2024-04-03,0.84
2024-04-04,0.85
2024-04-05,0.85
2024-04-08,0.89
2024-04-09,0.9
2024-04-10,0.92
2024-04-11,0.93
2024-04-12,0.94
2024-04-15,0.97
2024-04-16,0.98
2024-04-17,0.99
2024-04-18,0.99
2024-04-19,0.99
2024-04-22,0.99
2024-04-23,0.98
2024-04-24,0.98
2024-04-25,0.98
2024-04-26,0.97
2024-04-29,0.94
2024-04-30,0.93
2024-05-01,0.93
2024-05-02,0.92
2024-05-03,0.91
2024-05-06,0.89
2024-05-07,0.89
2024-05-08,0.9
2024-05-09,0.89
2024-05-10,0.9
2024-05-13,0.91
2024-05-14,0.92
2024-05-15,0.94
2024-05-16,0.95
2024-05-17,0.97
2024-05-21,1.03
2024-05-22,1.06
2024-05-23,1.07
2024-05-24,1.09
2024-05-27,1.13
2024-05-28,1.14
2024-05-29,1.16
2024-05-30,1.17
2024-05-31,1.17
2024-06-03,1.18
2024-06-04,1.18
2024-06-05,1.18
2024-06-06,1.18
2024-06-07,1.17
2024-06-10,1.14
2024-06-11,1.12
2024-06-12,1.12
2024-06-13,1.1
2024-06-14,1.09
2024-06-17,1.04
2024-06-18,1.03
2024-06-19,1.02
2024-06-20,1.0
2024-06-21,0.99
2024-06-24,0.96
2024-06-25,0.95
2024-06-26,0.95
2024-06-27,0.94
2024-06-28,0.93
2024-07-02,0.91
2024-07-03,0.92
2024-07-04,0.91
2024-07-05,0.91
2024-07-08,0.91
2024-07-09,0.91
2024-07-10,0.92
2024-07-11,0.92
2024-07-12,0.91
2024-07-15,0.88
2024-07-16,0.88
2024-07-17,0.88
2024-07-18,0.87
2024-07-19,0.86
2024-07-22,0.84
2024-07-23,0.83
2024-07-24,0.84
2024-07-25,0.83
2024-07-26,0.82
2024-07-29,0.81
2024-07-30,0.81
2024-07-31,0.81
2024-08-01,0.81
2024-08-02,0.8
2024-08-06,0.79
2024-08-07,0.79
2024-08-08,0.79
2024-08-09,0.78
2024-08-12,0.77
2024-08-13,0.77
2024-08-14,0.77
2024-08-15,0.76
2024-08-16,0.76
2024-08-19,0.75
2024-08-20,0.74
2024-08-21,0.75
2024-08-22,0.74
2024-08-23,0.74
2024-08-26,0.73
2024-08-27,0.73
2024-08-28,0.73
2024-08-29,0.73
2024-08-30,0.72
2024-09-03,0.72
2024-09-04,0.73
2024-09-05,0.72
2024-09-06,0.72
2024-09-09,0.72
2024-09-10,0.72
2024-09-11,0.73
2024-09-12,0.73
2024-09-13,0.73
2024-09-16,0.73
2024-09-17,0.73
2024-09-18,0.74
2024-09-19,0.74
2024-09-20,0.74
2024-09-23,0.74
2024-09-24,0.74
2024-09-25,0.75
2024-09-26,0.74
2024-09-27,0.74
2024-09-30,0.75
2024-10-01,0.75
2024-10-02,0.76
2024-10-03,0.76
2024-10-04,0.76
2024-10-07,0.77
2024-10-08,0.77
2024-10-09,0.79
2024-10-10,0.79
2024-10-11,0.79
2024-10-15,0.8
2024-10-16,0.81
2024-10-17,0.81
2024-10-18,0.8
2024-10-21,0.8
2024-10-22,0.8
2024-10-23,0.8
2024-10-24,0.79
2024-10-25,0.79
2024-10-28,0.77
2024-10-29,0.76
2024-10-30,0.76
2024-10-31,0.75
2024-11-01,0.74
2024-11-04,0.71
2024-11-05,0.7
2024-11-06,0.72
2024-11-07,0.73
2024-11-08,0.73
2024-11-11,0.76
2024-11-12,0.77
2024-11-13,0.79
2024-11-14,0.79
2024-11-15,0.8
2024-11-18,0.82
2024-11-19,0.83
2024-11-20,0.84
2024-11-21,0.84
2024-11-22,0.84
2024-11-25,0.85
2024-11-26,0.86
2024-11-27,0.87
2024-11-28,0.87
2024-11-29,0.87
2024-12-02,0.87
2024-12-03,0.87
2024-12-04,0.88
2024-12-05,0.88
2024-12-06,0.88
2024-12-09,0.9
2024-12-10,0.9
2024-12-11,0.92
2024-12-12,0.92
2024-12-13,0.93
2024-12-16,0.95
2024-12-17,0.96
2024-12-18,0.98
2024-12-19,0.99
2024-12-20,1.0
2024-12-23,1.03
2024-12-24,1.04
2024-12-27,1.07
2024-12-30,1.08
2024-12-31,1.09
2025-01-02,1.1
2025-01-03,1.1
2025-01-06,1.1
2025-01-07,1.09
2025-01-08,1.1
2025-01-09,1.1
2025-01-10,1.09
2025-01-13,1.09
2025-01-14,1.09
2025-01-15,1.1
2025-01-16,1.1
2025-01-17,1.1
2025-01-20,1.12
2025-01-21,1.13
2025-01-22,1.14
2025-01-23,1.15
2025-01-24,1.16
2025-01-27,1.2
2025-01-28,1.22
2025-01-29,1.24
2025-01-30,1.25
2025-01-31,1.27
2025-02-03,1.32
2025-02-04,1.33
2025-02-05,1.36
2025-02-06,1.37
2025-02-07,1.38
2025-02-10,1.42
2025-02-11,1.44
2025-02-12,1.46
2025-02-13,1.46
2025-02-14,1.47
2025-02-18,1.52
2025-02-19,1.53
2025-02-20,1.54
2025-02-21,1.55
2025-02-24,1.59
2025-02-25,1.6
2025-02-26,1.62
2025-02-27,1.63
2025-02-28,1.64
2025-03-03,1.69
2025-03-04,1.7
2025-03-05,1.72
2025-03-06,1.74
2025-03-07,1.75
2025-03-10,1.8
2025-03-11,1.81
2025-03-12,1.83
2025-03-13,1.85
2025-03-14,1.86
2025-03-17,1.9
2025-03-18,1.91
2025-03-19,1.93
2025-03-20,1.94
2025-03-21,1.96
2025-03-24,2.0
2025-03-25,2.01
2025-03-26,2.03
2025-03-27,2.05
2025-03-28,2.06
2025-03-31,2.11
2025-04-01,2.13
2025-04-02,2.16
2025-04-03,2.18
2025-04-04,2.2
2025-04-07,2.26
2025-04-08,2.29
2025-04-09,2.32
2025-04-10,2.34
2025-04-11,2.36
2025-04-14,2.42
2025-04-15,2.44
2025-04-16,2.46
2025-04-17,2.47
2025-04-21,2.52
2025-04-22,2.53
2025-04-23,2.54
2025-04-24,2.54
2025-04-25,2.55
2025-04-28,2.55
2025-04-29,2.55
2025-04-30,2.56
2025-05-01,2.56
2025-05-02,2.56
2025-05-05,2.57
2025-05-06,2.57
2025-05-07,2.59
2025-05-08,2.6
2025-05-09,2.6
2025-05-12,2.65
2025-05-13,2.66
2025-05-14,2.69
2025-05-15,2.71
2025-05-16,2.73
2025-05-20,2.84
2025-05-21,2.87
2025-05-22,2.9
2025-05-23,2.92
2025-05-26,3.0
2025-05-27,3.03
2025-05-28,3.06
2025-05-29,3.08
2025-05-30,3.09
2025-06-02,3.14
2025-06-03,3.15
2025-06-04,3.17
2025-06-05,3.18
2025-06-06,3.18
2025-06-09,3.19
2025-06-10,3.19
2025-06-11,3.19
2025-06-12,3.19
2025-06-13,3.18
2025-06-16,3.17
2025-06-17,3.16
2025-06-18,3.17
2025-06-19,3.16
2025-06-20,3.16
2025-06-23,3.15
2025-06-24,3.15
2025-06-25,3.16
2025-06-26,3.16
2025-06-27,3.16
2025-06-30,3.17
2025-07-02,3.2
2025-07-03,3.2
2025-07-04,3.21
2025-07-07,3.24
2025-07-08,3.25
2025-07-09,3.27
2025-07-10,3.28
2025-07-11,3.29
2025-07-14,3.33
2025-07-15,3.35
2025-07-16,3.37
2025-07-17,3.39
2025-07-18,3.4
2025-07-21,3.45
2025-07-22,3.47
2025-07-23,3.49
2025-07-24,3.51
2025-07-25,3.53
2025-07-28,3.58
2025-07-29,3.6
2025-07-30,3.63
2025-07-31,3.65
2025-08-01,3.67
2025-08-05,3.75
2025-08-06,3.77
2025-08-07,3.79
2025-08-08,3.81
2025-08-11,3.87
2025-08-12,3.89
2025-08-13,3.92
2025-08-14,3.93
2025-08-15,3.95
2025-08-18,4.01
2025-08-19,4.03
2025-08-20,4.05
2025-08-21,4.07
2025-08-22,4.09
2025-08-25,4.15
2025-08-26,4.17
2025-08-27,4.2
2025-08-28,4.22
2025-08-29,4.24
2025-09-02,4.33
2025-09-03,4.36
2025-09-04,4.38
2025-09-05,4.4
2025-09-08,4.47
2025-09-09,4.49
2025-09-10,4.52
2025-09-11,4.54
2025-09-12,4.55
2025-09-15,4.62
2025-09-16,4.63
2025-09-17,4.66
2025-09-18,4.68
2025-09-19,4.7
2025-09-22,4.75
2025-09-23,4.77
2025-09-24,4.8
2025-09-25,4.81
2025-09-26,4.83
2025-09-29,4.89
2025-09-30,4.91
2025-10-01,4.94
2025-10-02,4.96
2025-10-03,4.97
2025-10-06,5.04
2025-10-07,5.06
2025-10-08,5.09
2025-10-09,5.11
2025-10-10,5.13
2025-10-14,5.22
2025-10-15,5.25
2025-10-16,5.27
2025-10-17,5.28
2025-10-20,5.34
2025-10-21,5.35
2025-10-22,5.38
2025-10-23,5.39
2025-10-24,5.4
2025-10-27,5.44
2025-10-28,5.45
2025-10-29,5.47
2025-10-30,5.48
2025-10-31,5.49
2025-11-03,5.52
2025-11-04,5.53
2025-11-05,5.55
2025-11-06,5.55
2025-11-07,5.56
2025-11-08,5.62
2025-11-09,5.63
2025-11-10,5.59
2025-11-11,5.6
2025-11-12,5.61
2025-11-13,5.62
2025-11-14,5.63
2025-11-15,5.69
2025-11-16,5.7
2025-11-17,5.65
2025-11-18,5.66
2025-11-19,5.67
2025-11-20,5.67
2025-11-21,5.68
2025-11-22,5.73
2025-11-23,5.74
2025-11-24,5.69
2025-11-25,5.69
2025-11-26,5.7
2025-11-27,5.7
2025-11-28,5.7
2025-11-29,5.76
2025-11-30,5.76
2025-12-01,5.71
2025-12-02,5.71
2025-12-03,5.72
2025-12-04,5.72
2025-12-05,5.72
2025-12-06,5.77
2025-12-07,5.78
2025-12-08,5.73
2025-12-09,5.73
2025-12-10,5.75
2025-12-11,5.75
2025-12-12,5.76
2025-12-13,5.82
2025-12-14,5.82
2025-12-15,5.78
2025-12-16,5.79
2025-12-17,5.81
2025-12-18,5.82
2025-12-19,5.82
2025-12-20,5.89
2025-12-21,5.9
2025-12-22,5.86
2025-12-23,5.87
2025-12-24,5.88
2025-12-25,5.89
2025-12-26,5.9
2025-12-27,5.96
2025-12-28,5.96
2025-12-29,5.92
2025-12-30,5.92
2025-12-31,5.93
2026-01-01,5.93
2026-01-02,5.93
2026-01-03,5.99
2026-01-04,5.99
2026-01-05,5.94
2026-01-06,5.93
2026-01-07,5.94
2026-01-08,5.94
2026-01-09,5.93
2026-01-10,5.98
2026-01-11,5.98
2026-01-12,5.93
2026-01-13,5.93
2026-01-14,5.94
2026-01-15,5.94
2026-01-16,5.94
2026-01-17,5.99
2026-01-18,6.0
2026-01-19,5.95
2026-01-20,5.96
2026-01-21,5.97
2026-01-22,5.98
2026-01-23,5.99
2026-01-24,6.05
2026-01-25,6.06
2026-01-26,6.02
2026-01-27,6.04
2026-01-28,6.06
2026-01-29,6.07
2026-01-30,6.09
2026-01-31,6.16
2026-02-01,6.17
2026-02-02,6.14
2026-02-03,6.15
